{
   "dashboards": [{
      "autoswitchEnabled": false,
      "columnCount": 1,
      "columnProportion": "1",
      "creationTime": 1537231601771,
      "dashboardNavigations": {},
      "description": "Customized to show an example of how you can create your own troubleshooting flow.",
      "disabled": false,
      "gridsterMaxColumns": 12,
      "hidden": true,
      "homeTab": false,
      "id": "30a2564a-9eaf-4833-9d41-4fd45c57aefb",
      "importAttempts": 0,
      "importComplete": true,
      "isDefault": false,
      "locked": false,
      "name": "Performance Troubleshooting/Cluster Performance",
      "namePath": "Performance Troubleshooting",
      "rank": 54,
      "shared": true,
      "temporary": false,
      "userId": "87a15df6-df0b-4b3b-be18-9c5e69ed78e3",
      "widgetInteractions": [],
      "widgets": [{
         "collapsed": false,
         "config": {
            "chartViewItems": [],
            "refreshContent": {"refreshContent": false},
            "refreshInterval": 300,
            "resource": {
               "adapterKindId": "VMWARE",
               "allowDrag": true,
               "allowDrop": true,
               "checked": null,
               "children": null,
               "cls": "",
               "depth": 1,
               "expandable": true,
               "expanded": false,
               "href": "",
               "hrefTarget": "",
               "icon": "",
               "iconCls": "resknd_default_vmware_vsphereworld",
               "iconSrc": "images/resknd/default/16x16/VMWARE_vSphere World.png",
               "id": "652ec7d3-4e7f-4463-b5b2-64f75af7899b",
               "index": 0,
               "isFirst": true,
               "isLast": true,
               "leaf": false,
               "loaded": false,
               "loading": false,
               "nodeType": "resource",
               "parentId": "source",
               "qshowDelay": 0,
               "qtip": "",
               "qtitle": "",
               "resourceId": "resource:id:0_::_",
               "resourceKindId": "002006VMWAREvSphere World",
               "resourceKindKey": "vSphere World",
               "resourceKindName": "vSphere World",
               "resourceKindType": 8,
               "resourceName": "vSphere World",
               "root": false,
               "rootResourceId": "652ec7d3-4e7f-4463-b5b2-64f75af7899b",
               "text": "vSphere World",
               "traversalSpecId": "vSphere Hosts and Clusters-VMWARE-vSphere World",
               "uniqueId": "652ec7d3-4e7f-4463-b5b2-64f75af7899b_1539328069372",
               "visible": true
            },
            "selectFirstRow": {"selectFirstRow": false},
            "selfProvider": {"selfProvider": true},
            "title": "Clusters",
            "traversalSpecId": null,
            "viewDefinitionId": "a323af02-48a6-4694-9baa-cf09370986af"
         },
         "gridsterCoords": {
            "h": 18,
            "w": 12,
            "x": 1,
            "y": 1
         },
         "height": 1008,
         "id": "848cc8a6-50ef-4efc-8196-37f5b2cca335",
         "states": [{
            "key": "perm_toolbarVisible_widget_30a2564a-9eaf-4833-9d41-4fd45c57aefb_848cc8a6-50ef-4efc-8196-37f5b2cca335",
            "value": "b%3A1"
         }],
         "title": "Clusters",
         "type": "View"
      }]
   }],
   "entries": {"resource": [{
      "adapterKindKey": "VMWARE",
      "identifiers": [],
      "internalId": "resource:id:0_::_",
      "name": "vSphere World",
      "resourceKindKey": "vSphere World"
   }]},
   "uuid": "1308ef73-3e3d-4dfe-810e-db4dc7ac8805"
}