{
   "dashboards": [
      {
         "autoswitchEnabled": false,
         "columnCount": 1,
         "columnProportion": "1",
         "creationTime": 1537957411265,
         "description": "Designed to replace the Summary Page that comes out of the box. It focuses on Performance",
         "disabled": false,
         "gridsterMaxColumns": 12,
         "hidden": false,
         "homeTab": false,
         "id": "9abab588-96a2-4242-a994-9885595efc3f",
         "importAttempts": 0,
         "importComplete": true,
         "isDefault": false,
         "locked": false,
         "name": "09 Object Summary Page/Performance: ESXi",
         "namePath": "09 Object Summary Page",
         "rank": 1,
         "shared": false,
         "temporary": false,
         "userId": "65acb837-56df-4089-81d1-482a1876d7ca",
         "widgetInteractions": [],
         "widgets": [
            {
               "collapsed": false,
               "config": {
                  "chartHeight": 80,
                  "metricKey": "Super Metric|sm_bd812200-4794-4cc3-9e1f-2daead31d7b5",
                  "metricLabel": "",
                  "metricName": "Super Metric|Ops. Percentage of VM with RAM Contention",
                  "metricType": {"metricType": "custom"},
                  "metricUnit": {
                     "metricUnitId": -1,
                     "metricUnitName": "Default Unit"
                  },
                  "mode": "self",
                  "orangeBound": 5,
                  "paginationNumber": 15,
                  "redBound": 7.5,
                  "refreshContent": {"refreshContent": false},
                  "refreshInterval": 300,
                  "resourceKindId": "resourceKind:id:0_::_",
                  "selectFirstRow": {"selectFirstRow": false},
                  "selfProvider": {"selfProvider": false},
                  "showMetricLabel": {"showMetricLabel": false},
                  "showResourceName": {"showResourceName": false},
                  "sortBy": "metricValue",
                  "sortByDir": {"orderByDir": "asc"},
                  "tagFilter": null,
                  "title": "Percentage of VMs with RAM Contention",
                  "undefined": "Super Metric|Ops. Percentage of VM with RAM Contention _ 1%",
                  "yellowBound": 2.5
               },
               "gridsterCoords": {
                  "h": 4,
                  "w": 3,
                  "x": 7,
                  "y": 8
               },
               "height": 210,
               "id": "9bbc987d-9939-4ec5-ab9c-23bbeecc96f6",
               "states": [
                  {
                     "key": "permDateRange_HealthChart_widget_9abab588-96a2-4242-a994-9885595efc3f_9bbc987d-9939-4ec5-ab9c-23bbeecc96f6",
                     "value": "s%3A%7B%22dateRange%22%3A%22last12Hour%22%2C%22dateFrom%22%3Anull%2C%22dateTo%22%3Anull%2C%22timeFrom%22%3Anull%2C%22timeTo%22%3Anull%7D"
                  },
                  {
                     "key": "perm_toolbarVisible_widget_9abab588-96a2-4242-a994-9885595efc3f_9bbc987d-9939-4ec5-ab9c-23bbeecc96f6",
                     "value": "b%3A0"
                  }
               ],
               "title": "Percentage of VMs with RAM Contention",
               "type": "HealthChart"
            },
            {
               "collapsed": false,
               "config": {
                  "chartHeight": 80,
                  "metricKey": "Super Metric|sm_5efb039b-4740-462b-a8eb-9ba0b2f9108d",
                  "metricLabel": "",
                  "metricName": "Super Metric|Ops. Max VM CPU Ready (%)",
                  "metricType": {"metricType": "custom"},
                  "metricUnit": {
                     "metricUnitId": -1,
                     "metricUnitName": "Default Unit"
                  },
                  "mode": "self",
                  "orangeBound": 7.5,
                  "paginationNumber": 15,
                  "redBound": 10,
                  "refreshContent": {"refreshContent": false},
                  "refreshInterval": 300,
                  "resourceKindId": "resourceKind:id:0_::_",
                  "selectFirstRow": {"selectFirstRow": false},
                  "selfProvider": {"selfProvider": false},
                  "showMetricLabel": {"showMetricLabel": false},
                  "showResourceName": {"showResourceName": false},
                  "sortBy": "metricValue",
                  "sortByDir": {"orderByDir": "asc"},
                  "tagFilter": null,
                  "title": "Worst VM CPU Ready (%)",
                  "undefined": "Super Metric|Ops. Max VM CPU Ready (%)",
                  "yellowBound": 5
               },
               "gridsterCoords": {
                  "h": 4,
                  "w": 3,
                  "x": 1,
                  "y": 4
               },
               "height": 210,
               "id": "ffcd7699-4590-4f84-8c26-cdfd776e42c9",
               "states": [
                  {
                     "key": "perm_toolbarVisible_widget_9abab588-96a2-4242-a994-9885595efc3f_ffcd7699-4590-4f84-8c26-cdfd776e42c9",
                     "value": "b%3A0"
                  },
                  {
                     "key": "permDateRange_HealthChart_widget_9abab588-96a2-4242-a994-9885595efc3f_ffcd7699-4590-4f84-8c26-cdfd776e42c9",
                     "value": "s%3A%7B%22dateRange%22%3A%22last12Hour%22%2C%22dateFrom%22%3Anull%2C%22dateTo%22%3Anull%2C%22timeFrom%22%3Anull%2C%22timeTo%22%3Anull%7D"
                  }
               ],
               "title": "Worst VM CPU Ready (%)",
               "type": "HealthChart"
            },
            {
               "collapsed": false,
               "config": {
                  "chartHeight": 80,
                  "metricKey": "Super Metric|sm_93fa4123-2646-458c-992c-ba6e16b64f6b",
                  "metricLabel": "",
                  "metricName": "Super Metric|Ops. Max VM RAM Contention (%)",
                  "metricType": {"metricType": "custom"},
                  "metricUnit": {
                     "metricUnitId": -1,
                     "metricUnitName": "Default Unit"
                  },
                  "mode": "self",
                  "orangeBound": 3,
                  "paginationNumber": 15,
                  "redBound": 5,
                  "refreshContent": {"refreshContent": false},
                  "refreshInterval": 300,
                  "resourceKindId": "resourceKind:id:0_::_",
                  "selectFirstRow": {"selectFirstRow": false},
                  "selfProvider": {"selfProvider": false},
                  "showMetricLabel": {"showMetricLabel": false},
                  "showResourceName": {"showResourceName": false},
                  "sortBy": "metricValue",
                  "sortByDir": {"orderByDir": "asc"},
                  "tagFilter": null,
                  "title": "Worst VM RAM Contention (%)",
                  "undefined": "Super Metric|Ops. Max VM RAM Contention (%)",
                  "yellowBound": 1
               },
               "gridsterCoords": {
                  "h": 4,
                  "w": 3,
                  "x": 7,
                  "y": 4
               },
               "height": 210,
               "id": "fe4a4287-625c-4a8e-be3a-ffb1b9ae7350",
               "states": [
                  {
                     "key": "perm_toolbarVisible_widget_9abab588-96a2-4242-a994-9885595efc3f_fe4a4287-625c-4a8e-be3a-ffb1b9ae7350",
                     "value": "b%3A0"
                  },
                  {
                     "key": "permDateRange_HealthChart_widget_9abab588-96a2-4242-a994-9885595efc3f_fe4a4287-625c-4a8e-be3a-ffb1b9ae7350",
                     "value": "s%3A%7B%22dateRange%22%3A%22last12Hour%22%2C%22dateFrom%22%3Anull%2C%22dateTo%22%3Anull%2C%22timeFrom%22%3Anull%2C%22timeTo%22%3Anull%7D"
                  }
               ],
               "title": "Worst VM RAM Contention (%)",
               "type": "HealthChart"
            },
            {
               "collapsed": false,
               "config": {
                  "chartHeight": 80,
                  "metricKey": "net:Aggregate of all instances|droppedPct",
                  "metricLabel": "",
                  "metricName": "Network:Aggregate of all instances|Packets Dropped (%)",
                  "metricType": {"metricType": "custom"},
                  "metricUnit": {
                     "metricUnitId": -1,
                     "metricUnitName": "Default Unit"
                  },
                  "mode": "self",
                  "orangeBound": 2,
                  "paginationNumber": 15,
                  "redBound": 3,
                  "refreshContent": {"refreshContent": false},
                  "refreshInterval": 300,
                  "resourceKindId": "resourceKind:id:0_::_",
                  "selectFirstRow": {"selectFirstRow": false},
                  "selfProvider": {"selfProvider": false},
                  "showMetricLabel": {"showMetricLabel": false},
                  "showResourceName": {"showResourceName": false},
                  "sortBy": "metricValue",
                  "sortByDir": {"orderByDir": "asc"},
                  "tagFilter": null,
                  "title": "Packets Dropped",
                  "undefined": "Network:Aggregate of all instances|Packets Dropped (%)",
                  "yellowBound": 1
               },
               "gridsterCoords": {
                  "h": 4,
                  "w": 3,
                  "x": 10,
                  "y": 4
               },
               "height": 210,
               "id": "d9ffe493-26d9-41b0-afce-30fae0a9cc14",
               "states": [
                  {
                     "key": "permDateRange_HealthChart_widget_9abab588-96a2-4242-a994-9885595efc3f_d9ffe493-26d9-41b0-afce-30fae0a9cc14",
                     "value": "s%3A%7B%22dateRange%22%3A%22last12Hour%22%2C%22dateFrom%22%3Anull%2C%22dateTo%22%3Anull%2C%22timeFrom%22%3Anull%2C%22timeTo%22%3Anull%7D"
                  },
                  {
                     "key": "perm_toolbarVisible_widget_9abab588-96a2-4242-a994-9885595efc3f_d9ffe493-26d9-41b0-afce-30fae0a9cc14",
                     "value": "b%3A0"
                  }
               ],
               "title": "Packets Dropped",
               "type": "HealthChart"
            },
            {
               "collapsed": false,
               "config": {
                  "chartHeight": 80,
                  "metricKey": "Super Metric|sm_d6367f4c-4fee-4bd6-bbf2-d09fe636d5d9",
                  "metricLabel": "",
                  "metricName": "Super Metric|Ops. Percentage of VM with CPU Ready",
                  "metricType": {"metricType": "custom"},
                  "metricUnit": {
                     "metricUnitId": -1,
                     "metricUnitName": "Default Unit"
                  },
                  "mode": "self",
                  "orangeBound": 5,
                  "paginationNumber": 15,
                  "redBound": 7.5,
                  "refreshContent": {"refreshContent": false},
                  "refreshInterval": 300,
                  "resourceKindId": "resourceKind:id:0_::_",
                  "selectFirstRow": {"selectFirstRow": false},
                  "selfProvider": {"selfProvider": false},
                  "showMetricLabel": {"showMetricLabel": false},
                  "showResourceName": {"showResourceName": false},
                  "sortBy": "metricValue",
                  "sortByDir": {"orderByDir": "asc"},
                  "tagFilter": null,
                  "title": "Percentage of VMs with CPU Ready",
                  "undefined": "Super Metric|Ops. Percentage of VM with CPU Ready _ 5%",
                  "yellowBound": 2.5
               },
               "gridsterCoords": {
                  "h": 4,
                  "w": 3,
                  "x": 1,
                  "y": 8
               },
               "height": 210,
               "id": "732c6213-1edc-4fef-8b91-3ef5ea6a6a7c",
               "states": [
                  {
                     "key": "perm_toolbarVisible_widget_9abab588-96a2-4242-a994-9885595efc3f_732c6213-1edc-4fef-8b91-3ef5ea6a6a7c",
                     "value": "b%3A0"
                  },
                  {
                     "key": "permDateRange_HealthChart_widget_9abab588-96a2-4242-a994-9885595efc3f_732c6213-1edc-4fef-8b91-3ef5ea6a6a7c",
                     "value": "s%3A%7B%22dateRange%22%3A%22last12Hour%22%2C%22dateFrom%22%3Anull%2C%22dateTo%22%3Anull%2C%22timeFrom%22%3Anull%2C%22timeTo%22%3Anull%7D"
                  }
               ],
               "title": "Percentage of VMs with CPU Ready",
               "type": "HealthChart"
            },
            {
               "collapsed": false,
               "config": {
                  "boxColumns": 6,
                  "boxHeight": 80,
                  "labelSize": 12,
                  "maxCellCount": 100,
                  "metric": {
                     "mode": "resourceKind",
                     "resourceKindMetrics": [
                        {
                           "colorMethod": 0,
                           "id": "extModel11094-3",
                           "isStringMetric": false,
                           "label": "Worst VM CPU Ready",
                           "link": "",
                           "metricKey": "Super Metric|sm_5efb039b-4740-462b-a8eb-9ba0b2f9108d",
                           "metricName": "Super Metric|Ops. Max VM CPU Ready (%)",
                           "metricUnitId": "%",
                           "orangeBound": 5,
                           "redBound": 7.5,
                           "resourceKindId": "resourceKind:id:0_::_",
                           "resourceKindName": "Host System",
                           "unit": "%",
                           "yellowBound": 2.5
                        },
                        {
                           "colorMethod": 0,
                           "id": "extModel50079-1",
                           "isStringMetric": false,
                           "label": "Worst VM CPU Co-Stop",
                           "link": "",
                           "metricKey": "Super Metric|sm_bb35ec23-6079-4d82-9730-3743ed682387",
                           "metricName": "Super Metric|Ops. Max VM CPU Co-Stop (%)",
                           "metricUnitId": "%",
                           "orangeBound": 5,
                           "redBound": 7.5,
                           "resourceKindId": "resourceKind:id:0_::_",
                           "resourceKindName": "Host System",
                           "unit": "%",
                           "yellowBound": 2.5
                        },
                        {
                           "colorMethod": 0,
                           "id": "extModel1982-2",
                           "isStringMetric": false,
                           "label": "Worst VM RAM Contention",
                           "link": "",
                           "metricKey": "Super Metric|sm_93fa4123-2646-458c-992c-ba6e16b64f6b",
                           "metricName": "Super Metric|Ops. Max VM RAM Contention (%)",
                           "metricUnitId": "%",
                           "orangeBound": 3,
                           "redBound": 5,
                           "resourceKindId": "resourceKind:id:0_::_",
                           "resourceKindName": "Host System",
                           "unit": "%",
                           "yellowBound": 1
                        },
                        {
                           "colorMethod": 0,
                           "id": "extModel50079-3",
                           "isStringMetric": false,
                           "label": "% of VMs with CPU Ready",
                           "link": "",
                           "metricKey": "Super Metric|sm_d6367f4c-4fee-4bd6-bbf2-d09fe636d5d9",
                           "metricName": "Super Metric|Ops. Percentage of VM with CPU Ready",
                           "metricUnitId": "%",
                           "orangeBound": 5,
                           "redBound": 7.5,
                           "resourceKindId": "resourceKind:id:0_::_",
                           "resourceKindName": "Host System",
                           "unit": "%",
                           "yellowBound": 2.5
                        },
                        {
                           "colorMethod": 0,
                           "id": "extModel50079-2",
                           "isStringMetric": false,
                           "label": "% of VMs with CPU Co-Stop",
                           "link": "",
                           "metricKey": "Super Metric|sm_0ccf0ff4-a279-42f4-8abe-8dcbafee5bae",
                           "metricName": "Super Metric|Ops. Percentage of VM with CPU CoStop",
                           "metricUnitId": "%",
                           "orangeBound": 5,
                           "redBound": 7.5,
                           "resourceKindId": "resourceKind:id:0_::_",
                           "resourceKindName": "Host System",
                           "unit": "%",
                           "yellowBound": 2.5
                        },
                        {
                           "colorMethod": 0,
                           "id": "extModel50079-4",
                           "isStringMetric": false,
                           "label": "% of VMs with RAM Contention",
                           "link": "",
                           "metricKey": "Super Metric|sm_bd812200-4794-4cc3-9e1f-2daead31d7b5",
                           "metricName": "Super Metric|Ops. Percentage of VM with RAM Contention",
                           "metricUnitId": "%",
                           "orangeBound": 5,
                           "redBound": 7.5,
                           "resourceKindId": "resourceKind:id:0_::_",
                           "resourceKindName": "Host System",
                           "unit": "%",
                           "yellowBound": 2.5
                        }
                     ],
                     "resourceMetrics": []
                  },
                  "mode": {"layoutMode": "fixedView"},
                  "periodLength": "last24Hour",
                  "refreshContent": {"refreshContent": false},
                  "refreshInterval": 300,
                  "relationshipMode": 0,
                  "resInteractionMode": null,
                  "roundDecimals": 1,
                  "selfProvider": {"selfProvider": false},
                  "showDT": {"showDT": false},
                  "showMetricName": {"showMetricName": true},
                  "showMetricUnit": {"showMetricUnit": true},
                  "showResourceName": {"showResourceName": false},
                  "showSparkline": {"showSparkline": false},
                  "title": "Key Performance Indicators",
                  "valueSize": 28,
                  "visualTheme": 4
               },
               "gridsterCoords": {
                  "h": 3,
                  "w": 12,
                  "x": 1,
                  "y": 1
               },
               "height": 154,
               "id": "055a11c2-839d-4257-b71f-287ba758e836",
               "title": "Key Performance Indicators",
               "type": "Scoreboard"
            },
            {
               "collapsed": false,
               "config": {
                  "chartHeight": 80,
                  "metricKey": "net|errorsTx_summation",
                  "metricLabel": "",
                  "metricName": "Network|Error Packets Transmitted",
                  "metricType": {"metricType": "custom"},
                  "metricUnit": {
                     "metricUnitId": -1,
                     "metricUnitName": "Default Unit"
                  },
                  "mode": "self",
                  "orangeBound": 2,
                  "paginationNumber": 15,
                  "redBound": 3,
                  "refreshContent": {"refreshContent": false},
                  "refreshInterval": 300,
                  "resourceKindId": "resourceKind:id:0_::_",
                  "selectFirstRow": {"selectFirstRow": false},
                  "selfProvider": {"selfProvider": false},
                  "showMetricLabel": {"showMetricLabel": false},
                  "showResourceName": {"showResourceName": false},
                  "sortBy": "metricValue",
                  "sortByDir": {"orderByDir": "asc"},
                  "tagFilter": null,
                  "title": "Error Packets Transmitted",
                  "undefined": "Network|Error Packets Transmitted",
                  "yellowBound": 1
               },
               "gridsterCoords": {
                  "h": 4,
                  "w": 3,
                  "x": 10,
                  "y": 8
               },
               "height": 210,
               "id": "676496b4-eaf0-4f15-83fc-9ded79b924ae",
               "states": [
                  {
                     "key": "permDateRange_HealthChart_widget_9abab588-96a2-4242-a994-9885595efc3f_676496b4-eaf0-4f15-83fc-9ded79b924ae",
                     "value": "s%3A%7B%22dateRange%22%3A%22last12Hour%22%2C%22dateFrom%22%3Anull%2C%22dateTo%22%3Anull%2C%22timeFrom%22%3Anull%2C%22timeTo%22%3Anull%7D"
                  },
                  {
                     "key": "perm_toolbarVisible_widget_9abab588-96a2-4242-a994-9885595efc3f_676496b4-eaf0-4f15-83fc-9ded79b924ae",
                     "value": "b%3A0"
                  }
               ],
               "title": "Error Packets Transmitted",
               "type": "HealthChart"
            },
            {
               "collapsed": false,
               "config": {
                  "chartViewItems": [],
                  "refreshContent": {"refreshContent": false},
                  "refreshInterval": 300,
                  "resource": null,
                  "selectFirstRow": {"selectFirstRow": false},
                  "selfProvider": {"selfProvider": false},
                  "title": "VMs of this ESXi",
                  "traversalSpecId": "",
                  "viewDefinitionId": "7cdda47c-794a-447a-8f00-de463e3c88d6"
               },
               "gridsterCoords": {
                  "h": 6,
                  "w": 12,
                  "x": 1,
                  "y": 17
               },
               "height": 324,
               "id": "7f9512a4-4c20-4529-a956-bf1af4cefc92",
               "title": "VMs of this ESXi",
               "type": "View"
            },
            {
               "collapsed": false,
               "config": {
                  "chartHeight": 80,
                  "metricKey": "Super Metric|sm_bb35ec23-6079-4d82-9730-3743ed682387",
                  "metricLabel": "",
                  "metricName": "Super Metric|Max VM CPU Co-Stop (%)",
                  "metricType": {"metricType": "custom"},
                  "metricUnit": {
                     "metricUnitId": -1,
                     "metricUnitName": "Default Unit"
                  },
                  "mode": "self",
                  "orangeBound": 5,
                  "paginationNumber": 15,
                  "redBound": 10,
                  "refreshContent": {"refreshContent": false},
                  "refreshInterval": 300,
                  "resourceKindId": "resourceKind:id:0_::_",
                  "selectFirstRow": {"selectFirstRow": false},
                  "selfProvider": {"selfProvider": false},
                  "showMetricLabel": {"showMetricLabel": false},
                  "showResourceName": {"showResourceName": false},
                  "sortBy": "metricValue",
                  "sortByDir": {"orderByDir": "asc"},
                  "tagFilter": null,
                  "title": "Worst VM CPU Co-Stop (%)",
                  "undefined": "Super Metric|Max VM CPU Co-Stop (%)",
                  "yellowBound": 2.5
               },
               "gridsterCoords": {
                  "h": 4,
                  "w": 3,
                  "x": 4,
                  "y": 4
               },
               "height": 210,
               "id": "40f012ab-c721-4d1a-a3ee-0020ee525541",
               "states": [{
                  "key": "permDateRange_HealthChart_widget_9abab588-96a2-4242-a994-9885595efc3f_40f012ab-c721-4d1a-a3ee-0020ee525541",
                  "value": "s%3A%7B%22dateRange%22%3A%22last6Hour%22%2C%22dateFrom%22%3Anull%2C%22dateTo%22%3Anull%2C%22timeFrom%22%3Anull%2C%22timeTo%22%3Anull%7D"
               }],
               "title": "Worst VM CPU Co-Stop (%)",
               "type": "HealthChart"
            },
            {
               "collapsed": false,
               "config": {
                  "chartHeight": 80,
                  "metricKey": "Super Metric|sm_0ccf0ff4-a279-42f4-8abe-8dcbafee5bae",
                  "metricLabel": "",
                  "metricName": "Ops. Percentage of VM with CPU CoStop",
                  "metricType": {"metricType": "custom"},
                  "metricUnit": {
                     "metricUnitId": -1,
                     "metricUnitName": "Default Unit"
                  },
                  "mode": "self",
                  "orangeBound": 5,
                  "paginationNumber": 15,
                  "redBound": 7.5,
                  "refreshContent": {"refreshContent": false},
                  "refreshInterval": 300,
                  "resourceKindId": "resourceKind:id:0_::_",
                  "selectFirstRow": {"selectFirstRow": false},
                  "selfProvider": {"selfProvider": false},
                  "showMetricLabel": {"showMetricLabel": false},
                  "showResourceName": {"showResourceName": false},
                  "sortBy": "metricValue",
                  "sortByDir": {"orderByDir": "asc"},
                  "tagFilter": null,
                  "title": "Percentage of VMs with CPU Co-Stop",
                  "undefined": "Super Metric|Ops. Percentage of VM with CPU CoStop",
                  "yellowBound": 2.5
               },
               "gridsterCoords": {
                  "h": 4,
                  "w": 3,
                  "x": 4,
                  "y": 8
               },
               "height": 210,
               "id": "9c12337d-aa19-4658-a20b-e14622047842",
               "states": [{
                  "key": "permDateRange_HealthChart_widget_9abab588-96a2-4242-a994-9885595efc3f_9c12337d-aa19-4658-a20b-e14622047842",
                  "value": "s%3A%7B%22dateRange%22%3A%22last6Hour%22%2C%22dateFrom%22%3Anull%2C%22dateTo%22%3Anull%2C%22timeFrom%22%3Anull%2C%22timeTo%22%3Anull%7D"
               }],
               "title": "Percentage of VMs with CPU Co-Stop",
               "type": "HealthChart"
            },
            {
               "collapsed": false,
               "config": {
                  "chartViewItems": ["legend"],
                  "refreshContent": {"refreshContent": false},
                  "refreshInterval": 300,
                  "resource": null,
                  "selectFirstRow": {"selectFirstRow": false},
                  "selfProvider": {"selfProvider": false},
                  "title": "Utilization: CPU",
                  "traversalSpecId": "",
                  "viewDefinitionId": "888cb0f8-e4bc-47c3-984c-e93c8186f67c"
               },
               "gridsterCoords": {
                  "h": 5,
                  "w": 4,
                  "x": 1,
                  "y": 12
               },
               "height": 267,
               "id": "6b4748d2-f66b-4ce6-a2b3-0be95491adc2",
               "title": "Utilization: CPU",
               "type": "View"
            },
            {
               "collapsed": false,
               "config": {
                  "chartViewItems": ["legend"],
                  "refreshContent": {"refreshContent": false},
                  "refreshInterval": 300,
                  "resource": null,
                  "selectFirstRow": {"selectFirstRow": false},
                  "selfProvider": {"selfProvider": false},
                  "title": "Utilization: RAM",
                  "traversalSpecId": "",
                  "viewDefinitionId": "f1404377-e2da-4334-b64e-4ec97d81713c"
               },
               "gridsterCoords": {
                  "h": 5,
                  "w": 4,
                  "x": 5,
                  "y": 12
               },
               "height": 267,
               "id": "beba99a2-e85f-41b9-95c2-7324608b7adc",
               "title": "Utilization: RAM",
               "type": "View"
            },
            {
               "collapsed": false,
               "config": {
                  "chartViewItems": ["legend"],
                  "refreshContent": {"refreshContent": false},
                  "refreshInterval": 300,
                  "resource": null,
                  "selectFirstRow": {"selectFirstRow": false},
                  "selfProvider": {"selfProvider": false},
                  "title": "Utilization: Network",
                  "traversalSpecId": "",
                  "viewDefinitionId": "9d984b78-d198-428d-80a5-07c1ac75bad6"
               },
               "gridsterCoords": {
                  "h": 5,
                  "w": 4,
                  "x": 9,
                  "y": 12
               },
               "height": 267,
               "id": "d49a7b10-0ffd-46fa-b416-0594b36f8738",
               "title": "Utilization: Network",
               "type": "View"
            }
         ]
      },
      {
         "autoswitchEnabled": false,
         "columnCount": 1,
         "columnProportion": "1",
         "creationTime": 1537957439596,
         "description": "Designed to replace the out of the box Summary Page for vSphere Cluster object",
         "disabled": false,
         "gridsterMaxColumns": 12,
         "hidden": false,
         "homeTab": false,
         "id": "d208d4cd-4c91-43f8-b9ae-ede7489bc8a2",
         "importAttempts": 0,
         "importComplete": true,
         "isDefault": false,
         "locked": false,
         "name": "09 Object Summary Page/Performance: Cluster",
         "namePath": "09 Object Summary Page",
         "rank": 12,
         "shared": false,
         "temporary": false,
         "userId": "65acb837-56df-4089-81d1-482a1876d7ca",
         "widgetInteractions": [],
         "widgets": [
            {
               "collapsed": false,
               "config": {
                  "chartHeight": 80,
                  "metricKey": "Super Metric|sm_bd812200-4794-4cc3-9e1f-2daead31d7b5",
                  "metricLabel": "",
                  "metricName": "Super Metric|Ops. Percentage of VM with RAM Contention",
                  "metricType": {"metricType": "custom"},
                  "metricUnit": {
                     "metricUnitId": -1,
                     "metricUnitName": "Default Unit"
                  },
                  "mode": "self",
                  "orangeBound": 5,
                  "paginationNumber": 15,
                  "redBound": 7.5,
                  "refreshContent": {"refreshContent": false},
                  "refreshInterval": 300,
                  "resourceKindId": "resourceKind:id:0_::_",
                  "selectFirstRow": {"selectFirstRow": false},
                  "selfProvider": {"selfProvider": false},
                  "showMetricLabel": {"showMetricLabel": false},
                  "showResourceName": {"showResourceName": false},
                  "sortBy": "metricValue",
                  "sortByDir": {"orderByDir": "asc"},
                  "tagFilter": null,
                  "title": "Percentage of VMs with RAM Contention",
                  "undefined": "Super Metric|Ops. Percentage of VM with RAM Contention _ 1%",
                  "yellowBound": 2.5
               },
               "gridsterCoords": {
                  "h": 4,
                  "w": 3,
                  "x": 7,
                  "y": 8
               },
               "height": 210,
               "id": "872fcd7e-6492-4579-b568-620de5042c31",
               "states": [
                  {
                     "key": "permDateRange_HealthChart_widget_d208d4cd-4c91-43f8-b9ae-ede7489bc8a2_872fcd7e-6492-4579-b568-620de5042c31",
                     "value": "s%3A%7B%22dateRange%22%3A%22last12Hour%22%2C%22dateFrom%22%3Anull%2C%22dateTo%22%3Anull%2C%22timeFrom%22%3Anull%2C%22timeTo%22%3Anull%7D"
                  },
                  {
                     "key": "perm_toolbarVisible_widget_d208d4cd-4c91-43f8-b9ae-ede7489bc8a2_872fcd7e-6492-4579-b568-620de5042c31",
                     "value": "b%3A0"
                  }
               ],
               "title": "Percentage of VMs with RAM Contention",
               "type": "HealthChart"
            },
            {
               "collapsed": false,
               "config": {
                  "chartHeight": 80,
                  "metricKey": "Super Metric|sm_5efb039b-4740-462b-a8eb-9ba0b2f9108d",
                  "metricLabel": "",
                  "metricName": "Super Metric|Ops. Max VM CPU Ready (%)",
                  "metricType": {"metricType": "custom"},
                  "metricUnit": {
                     "metricUnitId": -1,
                     "metricUnitName": "Default Unit"
                  },
                  "mode": "self",
                  "orangeBound": 7.5,
                  "paginationNumber": 15,
                  "redBound": 10,
                  "refreshContent": {"refreshContent": false},
                  "refreshInterval": 300,
                  "resourceKindId": "resourceKind:id:0_::_",
                  "selectFirstRow": {"selectFirstRow": false},
                  "selfProvider": {"selfProvider": false},
                  "showMetricLabel": {"showMetricLabel": false},
                  "showResourceName": {"showResourceName": false},
                  "sortBy": "metricValue",
                  "sortByDir": {"orderByDir": "asc"},
                  "tagFilter": null,
                  "title": "Worst VM CPU Ready (%)",
                  "undefined": "Super Metric|Ops. Max VM CPU Ready (%)",
                  "yellowBound": 5
               },
               "gridsterCoords": {
                  "h": 4,
                  "w": 3,
                  "x": 1,
                  "y": 4
               },
               "height": 210,
               "id": "2f25b3ee-4faf-4846-b34f-0a287ad363c9",
               "states": [
                  {
                     "key": "perm_toolbarVisible_widget_d208d4cd-4c91-43f8-b9ae-ede7489bc8a2_2f25b3ee-4faf-4846-b34f-0a287ad363c9",
                     "value": "b%3A0"
                  },
                  {
                     "key": "permDateRange_HealthChart_widget_d208d4cd-4c91-43f8-b9ae-ede7489bc8a2_2f25b3ee-4faf-4846-b34f-0a287ad363c9",
                     "value": "s%3A%7B%22dateRange%22%3A%22last12Hour%22%2C%22dateFrom%22%3Anull%2C%22dateTo%22%3Anull%2C%22timeFrom%22%3Anull%2C%22timeTo%22%3Anull%7D"
                  }
               ],
               "title": "Worst VM CPU Ready (%)",
               "type": "HealthChart"
            },
            {
               "collapsed": false,
               "config": {
                  "chartHeight": 80,
                  "metricKey": "mem|max_vm_mem_contention",
                  "metricLabel": "",
                  "metricName": "Memory|Max VM Memory Contention (%)",
                  "metricType": {"metricType": "custom"},
                  "metricUnit": {
                     "metricUnitId": -1,
                     "metricUnitName": "Default Unit"
                  },
                  "mode": "self",
                  "orangeBound": 3,
                  "paginationNumber": 15,
                  "redBound": 5,
                  "refreshContent": {"refreshContent": false},
                  "refreshInterval": 300,
                  "resourceKindId": "resourceKind:id:1_::_",
                  "selectFirstRow": {"selectFirstRow": false},
                  "selfProvider": {"selfProvider": false},
                  "showMetricLabel": {"showMetricLabel": false},
                  "showResourceName": {"showResourceName": false},
                  "sortBy": "metricValue",
                  "sortByDir": {"orderByDir": "asc"},
                  "tagFilter": null,
                  "title": "Worst VM RAM Contention (%)",
                  "undefined": "Memory|Max VM Memory Contention (%)",
                  "yellowBound": 1
               },
               "gridsterCoords": {
                  "h": 4,
                  "w": 3,
                  "x": 7,
                  "y": 4
               },
               "height": 210,
               "id": "381540b1-4fae-4396-8cc4-8869a42d68fa",
               "states": [
                  {
                     "key": "permDateRange_HealthChart_widget_d208d4cd-4c91-43f8-b9ae-ede7489bc8a2_381540b1-4fae-4396-8cc4-8869a42d68fa",
                     "value": "s%3A%7B%22dateRange%22%3A%22last12Hour%22%2C%22dateFrom%22%3Anull%2C%22dateTo%22%3Anull%2C%22timeFrom%22%3Anull%2C%22timeTo%22%3Anull%7D"
                  },
                  {
                     "key": "perm_toolbarVisible_widget_d208d4cd-4c91-43f8-b9ae-ede7489bc8a2_381540b1-4fae-4396-8cc4-8869a42d68fa",
                     "value": "b%3A0"
                  }
               ],
               "title": "Worst VM RAM Contention (%)",
               "type": "HealthChart"
            },
            {
               "collapsed": false,
               "config": {
                  "chartHeight": 80,
                  "metricKey": "net:physical|droppedPct",
                  "metricLabel": "",
                  "metricName": "Network:physical|Packets Dropped (%)",
                  "metricType": {"metricType": "custom"},
                  "metricUnit": {
                     "metricUnitId": "percent",
                     "metricUnitName": "%"
                  },
                  "mode": "self",
                  "orangeBound": 2,
                  "paginationNumber": 15,
                  "redBound": 3,
                  "refreshContent": {"refreshContent": false},
                  "refreshInterval": 300,
                  "resourceKindId": "resourceKind:id:1_::_",
                  "selectFirstRow": {"selectFirstRow": false},
                  "selfProvider": {"selfProvider": false},
                  "showMetricLabel": {"showMetricLabel": false},
                  "showResourceName": {"showResourceName": false},
                  "sortBy": "metricValue",
                  "sortByDir": {"orderByDir": "asc"},
                  "tagFilter": null,
                  "title": "Packets Dropped",
                  "undefined": "Network:physical|Packets Dropped (%)",
                  "yellowBound": 1
               },
               "gridsterCoords": {
                  "h": 4,
                  "w": 3,
                  "x": 10,
                  "y": 8
               },
               "height": 210,
               "id": "cf568f4f-f647-481e-b99d-83d058470b30",
               "states": [
                  {
                     "key": "perm_toolbarVisible_widget_d208d4cd-4c91-43f8-b9ae-ede7489bc8a2_cf568f4f-f647-481e-b99d-83d058470b30",
                     "value": "b%3A0"
                  },
                  {
                     "key": "permDateRange_HealthChart_widget_d208d4cd-4c91-43f8-b9ae-ede7489bc8a2_cf568f4f-f647-481e-b99d-83d058470b30",
                     "value": "s%3A%7B%22dateRange%22%3A%22last12Hour%22%2C%22dateFrom%22%3Anull%2C%22dateTo%22%3Anull%2C%22timeFrom%22%3Anull%2C%22timeTo%22%3Anull%7D"
                  }
               ],
               "title": "Packets Dropped",
               "type": "HealthChart"
            },
            {
               "collapsed": false,
               "config": {
                  "chartHeight": 80,
                  "metricKey": "Super Metric|sm_d6367f4c-4fee-4bd6-bbf2-d09fe636d5d9",
                  "metricLabel": "",
                  "metricName": "Super Metric|Ops. Percentage of VM with CPU Ready",
                  "metricType": {"metricType": "custom"},
                  "metricUnit": {
                     "metricUnitId": -1,
                     "metricUnitName": "Default Unit"
                  },
                  "mode": "self",
                  "orangeBound": 5,
                  "paginationNumber": 15,
                  "redBound": 7.5,
                  "refreshContent": {"refreshContent": false},
                  "refreshInterval": 300,
                  "resourceKindId": "resourceKind:id:0_::_",
                  "selectFirstRow": {"selectFirstRow": false},
                  "selfProvider": {"selfProvider": false},
                  "showMetricLabel": {"showMetricLabel": false},
                  "showResourceName": {"showResourceName": false},
                  "sortBy": "metricValue",
                  "sortByDir": {"orderByDir": "asc"},
                  "tagFilter": null,
                  "title": "Percentage of VMs with CPU Ready",
                  "undefined": "Super Metric|Ops. Percentage of VM with CPU Ready _ 5%",
                  "yellowBound": 2.5
               },
               "gridsterCoords": {
                  "h": 4,
                  "w": 3,
                  "x": 1,
                  "y": 8
               },
               "height": 210,
               "id": "1436b9f0-c805-4bfc-8131-285afa6bb2ed",
               "states": [
                  {
                     "key": "permDateRange_HealthChart_widget_d208d4cd-4c91-43f8-b9ae-ede7489bc8a2_1436b9f0-c805-4bfc-8131-285afa6bb2ed",
                     "value": "s%3A%7B%22dateRange%22%3A%22last12Hour%22%2C%22dateFrom%22%3Anull%2C%22dateTo%22%3Anull%2C%22timeFrom%22%3Anull%2C%22timeTo%22%3Anull%7D"
                  },
                  {
                     "key": "perm_toolbarVisible_widget_d208d4cd-4c91-43f8-b9ae-ede7489bc8a2_1436b9f0-c805-4bfc-8131-285afa6bb2ed",
                     "value": "b%3A0"
                  }
               ],
               "title": "Percentage of VMs with CPU Ready",
               "type": "HealthChart"
            },
            {
               "collapsed": false,
               "config": {
                  "chartHeight": 80,
                  "metricKey": "datastore|max_vm_disk_latency",
                  "metricLabel": "",
                  "metricName": "Datastore|Max VM Disk Command Latency (ms)",
                  "metricType": {"metricType": "custom"},
                  "metricUnit": {
                     "metricUnitId": "msec",
                     "metricUnitName": "ms"
                  },
                  "mode": "self",
                  "orangeBound": 20,
                  "paginationNumber": 15,
                  "redBound": 30,
                  "refreshContent": {"refreshContent": false},
                  "refreshInterval": 300,
                  "resourceKindId": "resourceKind:id:1_::_",
                  "selectFirstRow": {"selectFirstRow": false},
                  "selfProvider": {"selfProvider": false},
                  "showMetricLabel": {"showMetricLabel": false},
                  "showResourceName": {"showResourceName": false},
                  "sortBy": "metricValue",
                  "sortByDir": {"orderByDir": "asc"},
                  "tagFilter": null,
                  "title": "Worst VM Disk Latency",
                  "undefined": "Datastore|Max VM Disk Command Latency (ms)",
                  "yellowBound": 10
               },
               "gridsterCoords": {
                  "h": 4,
                  "w": 3,
                  "x": 10,
                  "y": 4
               },
               "height": 210,
               "id": "5999128b-9e27-4e91-84f8-53e7973be8a9",
               "states": [{
                  "key": "permDateRange_HealthChart_widget_d208d4cd-4c91-43f8-b9ae-ede7489bc8a2_5999128b-9e27-4e91-84f8-53e7973be8a9",
                  "value": "s%3A%7B%22dateRange%22%3A%22last6Hour%22%2C%22dateFrom%22%3Anull%2C%22dateTo%22%3Anull%2C%22timeFrom%22%3Anull%2C%22timeTo%22%3Anull%7D"
               }],
               "title": "Worst VM Disk Latency",
               "type": "HealthChart"
            },
            {
               "collapsed": false,
               "config": {
                  "chartViewItems": [],
                  "refreshContent": {"refreshContent": false},
                  "refreshInterval": 300,
                  "resource": null,
                  "selectFirstRow": {"selectFirstRow": false},
                  "selfProvider": {"selfProvider": false},
                  "title": "ESXi in the cluster",
                  "traversalSpecId": "",
                  "viewDefinitionId": "39aa6346-efd7-441a-893d-232f83885cd3"
               },
               "gridsterCoords": {
                  "h": 6,
                  "w": 12,
                  "x": 1,
                  "y": 18
               },
               "height": 324,
               "id": "0f6e00b0-5c7d-4719-8d9d-d3edf8f2a5d6",
               "title": "ESXi in the cluster",
               "type": "View"
            },
            {
               "collapsed": false,
               "config": {
                  "chartHeight": 80,
                  "metricKey": "Super Metric|sm_0ccf0ff4-a279-42f4-8abe-8dcbafee5bae",
                  "metricLabel": "",
                  "metricName": "Super Metric|Ops. Percentage of VM with CPU CoStop",
                  "metricType": {"metricType": "custom"},
                  "metricUnit": {
                     "metricUnitId": -1,
                     "metricUnitName": "Default Unit"
                  },
                  "mode": "self",
                  "orangeBound": 5,
                  "paginationNumber": 15,
                  "redBound": 7.5,
                  "refreshContent": {"refreshContent": false},
                  "refreshInterval": 300,
                  "resourceKindId": "resourceKind:id:1_::_",
                  "selectFirstRow": {"selectFirstRow": false},
                  "selfProvider": {"selfProvider": false},
                  "showMetricLabel": {"showMetricLabel": false},
                  "showResourceName": {"showResourceName": false},
                  "sortBy": "metricValue",
                  "sortByDir": {"orderByDir": "asc"},
                  "tagFilter": null,
                  "title": "Percentage of VMs with CPU Co-Stop",
                  "undefined": "Super Metric|Ops. Percentage of VM with CPU CoStop",
                  "yellowBound": 2.5
               },
               "gridsterCoords": {
                  "h": 4,
                  "w": 3,
                  "x": 4,
                  "y": 8
               },
               "height": 210,
               "id": "d6a0dfde-a52d-486d-b534-b963de318b77",
               "states": [{
                  "key": "permDateRange_HealthChart_widget_d208d4cd-4c91-43f8-b9ae-ede7489bc8a2_d6a0dfde-a52d-486d-b534-b963de318b77",
                  "value": "s%3A%7B%22dateRange%22%3A%22last6Hour%22%2C%22dateFrom%22%3Anull%2C%22dateTo%22%3Anull%2C%22timeFrom%22%3Anull%2C%22timeTo%22%3Anull%7D"
               }],
               "title": "Percentage of VMs with CPU Co-Stop",
               "type": "HealthChart"
            },
            {
               "collapsed": false,
               "config": {
                  "chartHeight": 80,
                  "metricKey": "Super Metric|sm_bb35ec23-6079-4d82-9730-3743ed682387",
                  "metricLabel": "",
                  "metricName": "Super Metric|Max VM CPU Co-Stop (%)",
                  "metricType": {"metricType": "custom"},
                  "metricUnit": {
                     "metricUnitId": -1,
                     "metricUnitName": "Default Unit"
                  },
                  "mode": "self",
                  "orangeBound": 5,
                  "paginationNumber": 15,
                  "redBound": 10,
                  "refreshContent": {"refreshContent": false},
                  "refreshInterval": 300,
                  "resourceKindId": "resourceKind:id:1_::_",
                  "selectFirstRow": {"selectFirstRow": false},
                  "selfProvider": {"selfProvider": false},
                  "showMetricLabel": {"showMetricLabel": false},
                  "showResourceName": {"showResourceName": false},
                  "sortBy": "metricValue",
                  "sortByDir": {"orderByDir": "asc"},
                  "tagFilter": null,
                  "title": "Worst VM CPU Co-Stop (%)",
                  "undefined": "Super Metric|Max VM CPU Co-Stop (%)",
                  "yellowBound": 1
               },
               "gridsterCoords": {
                  "h": 4,
                  "w": 3,
                  "x": 4,
                  "y": 4
               },
               "height": 210,
               "id": "5c813672-469b-4d27-89a8-b9606dae1954",
               "states": [{
                  "key": "permDateRange_HealthChart_widget_d208d4cd-4c91-43f8-b9ae-ede7489bc8a2_5c813672-469b-4d27-89a8-b9606dae1954",
                  "value": "s%3A%7B%22dateRange%22%3A%22last6Hour%22%2C%22dateFrom%22%3Anull%2C%22dateTo%22%3Anull%2C%22timeFrom%22%3Anull%2C%22timeTo%22%3Anull%7D"
               }],
               "title": "Worst VM CPU Co-Stop (%)",
               "type": "HealthChart"
            },
            {
               "collapsed": false,
               "config": {
                  "boxColumns": 7,
                  "boxHeight": null,
                  "labelSize": 12,
                  "maxCellCount": 100,
                  "metric": {
                     "mode": "resourceKind",
                     "resourceKindMetrics": [
                        {
                           "colorMethod": 0,
                           "id": "extModel10608-1",
                           "isStringMetric": false,
                           "label": "Worst VM CPU Ready",
                           "link": "http://virtual-red-dot.info/cpu-ready-vs-cpu-contention/",
                           "metricKey": "Super Metric|sm_5efb039b-4740-462b-a8eb-9ba0b2f9108d",
                           "metricName": "Super Metric|Ops. Max VM CPU Ready (%)",
                           "metricUnitId": "%",
                           "orangeBound": 5,
                           "redBound": 10,
                           "resourceKindId": "resourceKind:id:1_::_",
                           "resourceKindName": "Cluster Compute Resource",
                           "unit": "%",
                           "yellowBound": 1
                        },
                        {
                           "colorMethod": 0,
                           "id": "extModel15682-1",
                           "isStringMetric": false,
                           "label": "Worst VM CPU Co-Stop",
                           "link": "",
                           "metricKey": "Super Metric|sm_bb35ec23-6079-4d82-9730-3743ed682387",
                           "metricName": "Super Metric|Ops. Max VM CPU Co-Stop (%)",
                           "metricUnitId": "%",
                           "orangeBound": 5,
                           "redBound": 10,
                           "resourceKindId": "resourceKind:id:1_::_",
                           "resourceKindName": "Cluster Compute Resource",
                           "unit": "%",
                           "yellowBound": 1
                        },
                        {
                           "colorMethod": 0,
                           "id": "extModel10608-6",
                           "isStringMetric": false,
                           "label": "Worst VM RAM Contention",
                           "link": "",
                           "metricKey": "mem|max_vm_mem_contention",
                           "metricName": "Memory|Max VM Memory Contention",
                           "metricUnitId": "percent",
                           "orangeBound": 3,
                           "redBound": 5,
                           "resourceKindId": "resourceKind:id:1_::_",
                           "resourceKindName": "Cluster Compute Resource",
                           "unit": "%",
                           "yellowBound": 1
                        },
                        {
                           "colorMethod": 0,
                           "id": "extModel10608-2",
                           "isStringMetric": false,
                           "label": "Worst VM Disk Latency",
                           "link": "",
                           "metricKey": "Super Metric|sm_eb724b20-3eec-48a0-9c69-5c448120897d",
                           "metricName": "Super Metric|Ops. Max VM Disk Latency (ms)",
                           "metricUnitId": "%",
                           "orangeBound": 20,
                           "redBound": 30,
                           "resourceKindId": "resourceKind:id:1_::_",
                           "resourceKindName": "Cluster Compute Resource",
                           "unit": "%",
                           "yellowBound": 10
                        },
                        {
                           "colorMethod": 0,
                           "id": "extModel10608-3",
                           "isStringMetric": false,
                           "label": "%  of VMs with CPU Co-Stop",
                           "link": "",
                           "metricKey": "Super Metric|sm_0ccf0ff4-a279-42f4-8abe-8dcbafee5bae",
                           "metricName": "Super Metric|Ops. Percentage of VM with CPU CoStop",
                           "metricUnitId": "%",
                           "orangeBound": 5,
                           "redBound": 7.5,
                           "resourceKindId": "resourceKind:id:1_::_",
                           "resourceKindName": "Cluster Compute Resource",
                           "unit": "%",
                           "yellowBound": 2.5
                        },
                        {
                           "colorMethod": 0,
                           "id": "extModel10608-4",
                           "isStringMetric": false,
                           "label": "% of VMs with CPU Ready",
                           "link": "",
                           "metricKey": "Super Metric|sm_d6367f4c-4fee-4bd6-bbf2-d09fe636d5d9",
                           "metricName": "Super Metric|Ops. Percentage of VM with CPU Ready",
                           "metricUnitId": "%",
                           "orangeBound": 5,
                           "redBound": 7.5,
                           "resourceKindId": "resourceKind:id:1_::_",
                           "resourceKindName": "Cluster Compute Resource",
                           "unit": "%",
                           "yellowBound": 2.5
                        },
                        {
                           "colorMethod": 0,
                           "id": "extModel10608-5",
                           "isStringMetric": false,
                           "label": "% of VMs with RAM Contention",
                           "link": "",
                           "metricKey": "Super Metric|sm_bd812200-4794-4cc3-9e1f-2daead31d7b5",
                           "metricName": "Super Metric|Ops. Percentage of VM with RAM Contention",
                           "metricUnitId": "%",
                           "orangeBound": 5,
                           "redBound": 7.5,
                           "resourceKindId": "resourceKind:id:1_::_",
                           "resourceKindName": "Cluster Compute Resource",
                           "unit": "%",
                           "yellowBound": 2.5
                        }
                     ],
                     "resourceMetrics": []
                  },
                  "mode": {"layoutMode": "fixedView"},
                  "periodLength": null,
                  "refreshContent": {"refreshContent": false},
                  "refreshInterval": 300,
                  "relationshipMode": 0,
                  "resInteractionMode": null,
                  "roundDecimals": 1,
                  "selfProvider": {"selfProvider": false},
                  "showDT": {"showDT": true},
                  "showMetricName": {"showMetricName": true},
                  "showMetricUnit": {"showMetricUnit": true},
                  "showResourceName": {"showResourceName": false},
                  "showSparkline": {"showSparkline": false},
                  "title": "Key Performance Indicators",
                  "valueSize": 24,
                  "visualTheme": 4
               },
               "gridsterCoords": {
                  "h": 3,
                  "w": 12,
                  "x": 1,
                  "y": 1
               },
               "height": 154,
               "id": "f19397e5-d0a6-4594-8f7b-7a59d8829786",
               "title": "Key Performance Indicators",
               "type": "Scoreboard"
            },
            {
               "collapsed": false,
               "config": {
                  "chartViewItems": ["legend"],
                  "refreshContent": {"refreshContent": false},
                  "refreshInterval": 300,
                  "resource": null,
                  "selectFirstRow": {"selectFirstRow": false},
                  "selfProvider": {"selfProvider": false},
                  "title": "Utilization: CPU",
                  "traversalSpecId": "",
                  "viewDefinitionId": "6073dbbd-6917-4a16-be96-f3c89865bd36"
               },
               "gridsterCoords": {
                  "h": 6,
                  "w": 4,
                  "x": 1,
                  "y": 12
               },
               "height": 324,
               "id": "df6ec7af-8d41-4049-aee9-0bdc52229cde",
               "title": "Utilization: CPU",
               "type": "View"
            },
            {
               "collapsed": false,
               "config": {
                  "chartViewItems": ["legend"],
                  "refreshContent": {"refreshContent": false},
                  "refreshInterval": 300,
                  "resource": null,
                  "selectFirstRow": {"selectFirstRow": false},
                  "selfProvider": {"selfProvider": false},
                  "title": "Utilization: RAM",
                  "traversalSpecId": "",
                  "viewDefinitionId": "dd37087a-c697-4831-ba02-081e5142ddd1"
               },
               "gridsterCoords": {
                  "h": 6,
                  "w": 4,
                  "x": 5,
                  "y": 12
               },
               "height": 324,
               "id": "411edd1e-4a82-4abe-ad20-228a5f942f98",
               "title": "Utilization: RAM",
               "type": "View"
            },
            {
               "collapsed": false,
               "config": {
                  "chartViewItems": ["legend"],
                  "refreshContent": {"refreshContent": false},
                  "refreshInterval": 300,
                  "resource": null,
                  "selectFirstRow": {"selectFirstRow": false},
                  "selfProvider": {"selfProvider": false},
                  "title": "Utilization: Network",
                  "traversalSpecId": "",
                  "viewDefinitionId": "be0d78bf-9fad-46f0-ab55-ab919e71aeb7"
               },
               "gridsterCoords": {
                  "h": 6,
                  "w": 4,
                  "x": 9,
                  "y": 12
               },
               "height": 324,
               "id": "36205827-5189-45a7-a075-8b962299f984",
               "title": "Utilization: Network",
               "type": "View"
            }
         ]
      },
      {
         "autoswitchEnabled": false,
         "columnCount": 1,
         "columnProportion": "1",
         "creationTime": 1537957439597,
         "description": "Designed to replace the Summary Page that comes out of the box. It focuses on Performance and designed to complement the remaining tabs on the Object page.\n\nAuthor: e1@vmware.com",
         "disabled": false,
         "gridsterMaxColumns": 12,
         "hidden": false,
         "homeTab": false,
         "id": "2ef0262e-cd62-4d95-a8a2-bf08c8534c54",
         "importAttempts": 0,
         "importComplete": true,
         "isDefault": false,
         "locked": false,
         "name": "09 Object Summary Page/Performance: VM",
         "namePath": "09 Object Summary Page",
         "rank": 13,
         "shared": false,
         "temporary": false,
         "userId": "65acb837-56df-4089-81d1-482a1876d7ca",
         "widgetInteractions": [],
         "widgets": [
            {
               "collapsed": false,
               "config": {
                  "chartHeight": 80,
                  "metricKey": "cpu|costopPct",
                  "metricLabel": "",
                  "metricName": "CPU|Co-stop (%)",
                  "metricType": {"metricType": "custom"},
                  "metricUnit": {
                     "metricUnitId": "percent",
                     "metricUnitName": "%"
                  },
                  "mode": "self",
                  "orangeBound": 3,
                  "paginationNumber": 15,
                  "redBound": 5,
                  "refreshContent": {"refreshContent": false},
                  "refreshInterval": 300,
                  "resourceKindId": "resourceKind:id:2_::_",
                  "selectFirstRow": {"selectFirstRow": false},
                  "selfProvider": {"selfProvider": false},
                  "showMetricLabel": {"showMetricLabel": false},
                  "showResourceName": {"showResourceName": false},
                  "sortBy": "metricValue",
                  "sortByDir": {"orderByDir": "asc"},
                  "tagFilter": null,
                  "title": "Co-Stop",
                  "undefined": "CPU|Co-stop (%)",
                  "yellowBound": 1
               },
               "gridsterCoords": {
                  "h": 4,
                  "w": 3,
                  "x": 1,
                  "y": 8
               },
               "height": 210,
               "id": "8980f5a2-d4f6-4a32-95c2-275751f1fbc0",
               "states": [{
                  "key": "permDateRange_HealthChart_widget_2ef0262e-cd62-4d95-a8a2-bf08c8534c54_8980f5a2-d4f6-4a32-95c2-275751f1fbc0",
                  "value": "s%3A%7B%22dateRange%22%3A%22last6Hour%22%2C%22dateFrom%22%3Anull%2C%22dateTo%22%3Anull%2C%22timeFrom%22%3Anull%2C%22timeTo%22%3Anull%7D"
               }],
               "title": "Co-Stop",
               "type": "HealthChart"
            },
            {
               "collapsed": false,
               "config": {
                  "chartHeight": 80,
                  "metricKey": "cpu|readyPct",
                  "metricLabel": "",
                  "metricName": "CPU|Ready (%)",
                  "metricType": {"metricType": "custom"},
                  "metricUnit": {
                     "metricUnitId": "percent",
                     "metricUnitName": "%"
                  },
                  "mode": "self",
                  "orangeBound": 6,
                  "paginationNumber": 15,
                  "redBound": 10,
                  "refreshContent": {"refreshContent": false},
                  "refreshInterval": 300,
                  "resourceKindId": "resourceKind:id:2_::_",
                  "selectFirstRow": {"selectFirstRow": false},
                  "selfProvider": {"selfProvider": false},
                  "showMetricLabel": {"showMetricLabel": false},
                  "showResourceName": {"showResourceName": false},
                  "sortBy": "metricValue",
                  "sortByDir": {"orderByDir": "asc"},
                  "tagFilter": null,
                  "title": "CPU Ready",
                  "undefined": "CPU|Ready (%)",
                  "yellowBound": 2
               },
               "gridsterCoords": {
                  "h": 4,
                  "w": 3,
                  "x": 4,
                  "y": 8
               },
               "height": 210,
               "id": "9186a69b-ded7-41d0-89ae-8e280077c552",
               "states": [{
                  "key": "permDateRange_HealthChart_widget_2ef0262e-cd62-4d95-a8a2-bf08c8534c54_9186a69b-ded7-41d0-89ae-8e280077c552",
                  "value": "s%3A%7B%22dateRange%22%3A%22last6Hour%22%2C%22dateFrom%22%3Anull%2C%22dateTo%22%3Anull%2C%22timeFrom%22%3Anull%2C%22timeTo%22%3Anull%7D"
               }],
               "title": "CPU Ready",
               "type": "HealthChart"
            },
            {
               "collapsed": false,
               "config": {
                  "chartHeight": 80,
                  "metricKey": "mem|host_contentionPct",
                  "metricLabel": "",
                  "metricName": "Memory|Contention (%)",
                  "metricType": {"metricType": "custom"},
                  "metricUnit": {
                     "metricUnitId": -1,
                     "metricUnitName": "Default Unit"
                  },
                  "mode": "self",
                  "orangeBound": 3,
                  "paginationNumber": 15,
                  "redBound": 5,
                  "refreshContent": {"refreshContent": false},
                  "refreshInterval": 300,
                  "resourceKindId": "resourceKind:id:2_::_",
                  "selectFirstRow": {"selectFirstRow": false},
                  "selfProvider": {"selfProvider": false},
                  "showMetricLabel": {"showMetricLabel": false},
                  "showResourceName": {"showResourceName": false},
                  "sortBy": "metricValue",
                  "sortByDir": {"orderByDir": "asc"},
                  "tagFilter": null,
                  "title": "Memory Contention",
                  "undefined": "Memory|Contention (%)",
                  "yellowBound": 1
               },
               "gridsterCoords": {
                  "h": 4,
                  "w": 3,
                  "x": 7,
                  "y": 4
               },
               "height": 210,
               "id": "4ad3f1e2-f45b-42ee-932b-15f7128c647c",
               "states": [{
                  "key": "permDateRange_HealthChart_widget_2ef0262e-cd62-4d95-a8a2-bf08c8534c54_4ad3f1e2-f45b-42ee-932b-15f7128c647c",
                  "value": "s%3A%7B%22dateRange%22%3A%22last6Hour%22%2C%22dateFrom%22%3Anull%2C%22dateTo%22%3Anull%2C%22timeFrom%22%3Anull%2C%22timeTo%22%3Anull%7D"
               }],
               "title": "Memory Contention",
               "type": "HealthChart"
            },
            {
               "collapsed": false,
               "config": {
                  "chartHeight": 80,
                  "metricKey": "cpu|usage_average",
                  "metricLabel": "",
                  "metricName": "CPU|Usage (%)",
                  "metricType": {"metricType": "custom"},
                  "metricUnit": {
                     "metricUnitId": -1,
                     "metricUnitName": "Default Unit"
                  },
                  "mode": "self",
                  "orangeBound": 90,
                  "paginationNumber": 15,
                  "redBound": 95,
                  "refreshContent": {"refreshContent": false},
                  "refreshInterval": 300,
                  "resourceKindId": "resourceKind:id:2_::_",
                  "selectFirstRow": {"selectFirstRow": false},
                  "selfProvider": {"selfProvider": false},
                  "showMetricLabel": {"showMetricLabel": false},
                  "showResourceName": {"showResourceName": false},
                  "sortBy": "metricValue",
                  "sortByDir": {"orderByDir": "asc"},
                  "tagFilter": null,
                  "title": "VM CPU Usage",
                  "undefined": "CPU|Usage (%)",
                  "yellowBound": 85
               },
               "gridsterCoords": {
                  "h": 4,
                  "w": 3,
                  "x": 1,
                  "y": 12
               },
               "height": 210,
               "id": "e81bb0fa-f6b1-4e5a-9e3e-aac7ae38a741",
               "states": [{
                  "key": "permDateRange_HealthChart_widget_2ef0262e-cd62-4d95-a8a2-bf08c8534c54_e81bb0fa-f6b1-4e5a-9e3e-aac7ae38a741",
                  "value": "s%3A%7B%22dateRange%22%3A%22last6Hour%22%2C%22dateFrom%22%3Anull%2C%22dateTo%22%3Anull%2C%22timeFrom%22%3Anull%2C%22timeTo%22%3Anull%7D"
               }],
               "title": "VM CPU Usage",
               "type": "HealthChart"
            },
            {
               "collapsed": false,
               "config": {
                  "chartHeight": 80,
                  "metricKey": "Super Metric|sm_34b82c9d-ddcc-42ac-93c2-6e92984a0d9f",
                  "metricLabel": "",
                  "metricName": "Ops. Guest OS RAM Used (%)",
                  "metricType": {"metricType": "custom"},
                  "metricUnit": {
                     "metricUnitId": -1,
                     "metricUnitName": "Default Unit"
                  },
                  "mode": "self",
                  "orangeBound": 80,
                  "paginationNumber": 15,
                  "redBound": 90,
                  "refreshContent": {"refreshContent": false},
                  "refreshInterval": 300,
                  "resourceKindId": "resourceKind:id:2_::_",
                  "selectFirstRow": {"selectFirstRow": false},
                  "selfProvider": {"selfProvider": false},
                  "showMetricLabel": {"showMetricLabel": false},
                  "showResourceName": {"showResourceName": false},
                  "sortBy": "metricValue",
                  "sortByDir": {"orderByDir": "asc"},
                  "tagFilter": null,
                  "title": "Guest OS RAM Usage (%)",
                  "undefined": "Super Metric|Ops. Guest OS RAM Used (%)",
                  "yellowBound": 70
               },
               "gridsterCoords": {
                  "h": 4,
                  "w": 3,
                  "x": 4,
                  "y": 12
               },
               "height": 210,
               "id": "736796b3-217a-481a-96ab-fefe0c83ad53",
               "states": [{
                  "key": "permDateRange_HealthChart_widget_2ef0262e-cd62-4d95-a8a2-bf08c8534c54_736796b3-217a-481a-96ab-fefe0c83ad53",
                  "value": "s%3A%7B%22dateRange%22%3A%22last6Hour%22%2C%22dateFrom%22%3Anull%2C%22dateTo%22%3Anull%2C%22timeFrom%22%3Anull%2C%22timeTo%22%3Anull%7D"
               }],
               "title": "Guest OS RAM Usage (%)",
               "type": "HealthChart"
            },
            {
               "collapsed": false,
               "config": {
                  "chartHeight": 80,
                  "metricKey": "virtualDisk:Aggregate of all instances|totalLatency",
                  "metricLabel": "",
                  "metricName": "Virtual Disk:Aggregate of all instances|Total Latency (ms)",
                  "metricType": {"metricType": "custom"},
                  "metricUnit": {
                     "metricUnitId": "msec",
                     "metricUnitName": "ms"
                  },
                  "mode": "self",
                  "orangeBound": 20,
                  "paginationNumber": 15,
                  "redBound": 30,
                  "refreshContent": {"refreshContent": false},
                  "refreshInterval": 300,
                  "resourceKindId": "resourceKind:id:2_::_",
                  "selectFirstRow": {"selectFirstRow": false},
                  "selfProvider": {"selfProvider": false},
                  "showMetricLabel": {"showMetricLabel": false},
                  "showResourceName": {"showResourceName": false},
                  "sortBy": "metricValue",
                  "sortByDir": {"orderByDir": "asc"},
                  "tagFilter": null,
                  "title": "Disk Latency",
                  "undefined": "Virtual Disk:Aggregate of all instances|Total Latency (ms)",
                  "yellowBound": 10
               },
               "gridsterCoords": {
                  "h": 4,
                  "w": 3,
                  "x": 10,
                  "y": 4
               },
               "height": 210,
               "id": "5851bcb8-03fd-46b3-a41a-5c85bc851951",
               "states": [{
                  "key": "permDateRange_HealthChart_widget_2ef0262e-cd62-4d95-a8a2-bf08c8534c54_5851bcb8-03fd-46b3-a41a-5c85bc851951",
                  "value": "s%3A%7B%22dateRange%22%3A%22last6Hour%22%2C%22dateFrom%22%3Anull%2C%22dateTo%22%3Anull%2C%22timeFrom%22%3Anull%2C%22timeTo%22%3Anull%7D"
               }],
               "title": "Disk Latency",
               "type": "HealthChart"
            },
            {
               "collapsed": false,
               "config": {
                  "chartHeight": 80,
                  "metricKey": "net|droppedTx_summation",
                  "metricLabel": "",
                  "metricName": "Network|Transmitted Packets Dropped",
                  "metricType": {"metricType": "custom"},
                  "metricUnit": {
                     "metricUnitId": -1,
                     "metricUnitName": "Default Unit"
                  },
                  "mode": "self",
                  "orangeBound": 2,
                  "paginationNumber": 15,
                  "redBound": 3,
                  "refreshContent": {"refreshContent": false},
                  "refreshInterval": 300,
                  "resourceKindId": "resourceKind:id:2_::_",
                  "selectFirstRow": {"selectFirstRow": false},
                  "selfProvider": {"selfProvider": false},
                  "showMetricLabel": {"showMetricLabel": false},
                  "showResourceName": {"showResourceName": false},
                  "sortBy": "metricValue",
                  "sortByDir": {"orderByDir": "asc"},
                  "tagFilter": null,
                  "title": "Network TX Dropped Packet",
                  "undefined": "Network|Transmitted Packets Dropped",
                  "yellowBound": 1
               },
               "gridsterCoords": {
                  "h": 4,
                  "w": 3,
                  "x": 7,
                  "y": 12
               },
               "height": 210,
               "id": "e6458b4e-5336-453f-84ed-e9ed727e9538",
               "states": [{
                  "key": "permDateRange_HealthChart_widget_2ef0262e-cd62-4d95-a8a2-bf08c8534c54_e6458b4e-5336-453f-84ed-e9ed727e9538",
                  "value": "s%3A%7B%22dateRange%22%3A%22last6Hour%22%2C%22dateFrom%22%3Anull%2C%22dateTo%22%3Anull%2C%22timeFrom%22%3Anull%2C%22timeTo%22%3Anull%7D"
               }],
               "title": "Network TX Dropped Packet",
               "type": "HealthChart"
            },
            {
               "collapsed": false,
               "config": {
                  "chartHeight": 80,
                  "metricKey": "guest|page.inRate_latest",
                  "metricLabel": "",
                  "metricName": "Guest|Page In Rate per second",
                  "metricType": {"metricType": "custom"},
                  "metricUnit": {
                     "metricUnitId": -1,
                     "metricUnitName": "Default Unit"
                  },
                  "mode": "self",
                  "orangeBound": 4096,
                  "paginationNumber": 15,
                  "redBound": 8192,
                  "refreshContent": {"refreshContent": false},
                  "refreshInterval": 300,
                  "resourceKindId": "resourceKind:id:2_::_",
                  "selectFirstRow": {"selectFirstRow": false},
                  "selfProvider": {"selfProvider": false},
                  "showMetricLabel": {"showMetricLabel": false},
                  "showResourceName": {"showResourceName": false},
                  "sortBy": "metricValue",
                  "sortByDir": {"orderByDir": "asc"},
                  "tagFilter": null,
                  "title": "Guest OS: RAM Page-in Rate",
                  "undefined": "Guest|Page In Rate per second",
                  "yellowBound": 1024
               },
               "gridsterCoords": {
                  "h": 4,
                  "w": 3,
                  "x": 4,
                  "y": 4
               },
               "height": 210,
               "id": "0bceed11-5208-46ae-829e-1c45aed4b883",
               "states": [{
                  "key": "permDateRange_HealthChart_widget_2ef0262e-cd62-4d95-a8a2-bf08c8534c54_0bceed11-5208-46ae-829e-1c45aed4b883",
                  "value": "s%3A%7B%22dateRange%22%3A%22last6Hour%22%2C%22dateFrom%22%3Anull%2C%22dateTo%22%3Anull%2C%22timeFrom%22%3Anull%2C%22timeTo%22%3Anull%7D"
               }],
               "title": "Guest OS: RAM Page-in Rate",
               "type": "HealthChart"
            },
            {
               "collapsed": false,
               "config": {
                  "chartHeight": 80,
                  "metricKey": "guest|page.inRate_latest",
                  "metricLabel": "",
                  "metricName": "Guest|Page In Rate per second",
                  "metricType": {"metricType": "custom"},
                  "metricUnit": {
                     "metricUnitId": -1,
                     "metricUnitName": "Default Unit"
                  },
                  "mode": "self",
                  "orangeBound": 30000,
                  "paginationNumber": 15,
                  "redBound": 50000,
                  "refreshContent": {"refreshContent": false},
                  "refreshInterval": 300,
                  "resourceKindId": "resourceKind:id:2_::_",
                  "selectFirstRow": {"selectFirstRow": false},
                  "selfProvider": {"selfProvider": false},
                  "showMetricLabel": {"showMetricLabel": false},
                  "showResourceName": {"showResourceName": false},
                  "sortBy": "metricValue",
                  "sortByDir": {"orderByDir": "asc"},
                  "tagFilter": null,
                  "title": "Guest OS: CPU Context Switch",
                  "undefined": "Guest|Page In Rate per second",
                  "yellowBound": 10000
               },
               "gridsterCoords": {
                  "h": 4,
                  "w": 3,
                  "x": 1,
                  "y": 4
               },
               "height": 210,
               "id": "958a325d-dff4-4910-866c-89b996381fe7",
               "states": [{
                  "key": "permDateRange_HealthChart_widget_2ef0262e-cd62-4d95-a8a2-bf08c8534c54_958a325d-dff4-4910-866c-89b996381fe7",
                  "value": "s%3A%7B%22dateRange%22%3A%22last6Hour%22%2C%22dateFrom%22%3Anull%2C%22dateTo%22%3Anull%2C%22timeFrom%22%3Anull%2C%22timeTo%22%3Anull%7D"
               }],
               "title": "Guest OS: CPU Context Switch",
               "type": "HealthChart"
            },
            {
               "collapsed": false,
               "config": {
                  "chartViewItems": ["legend"],
                  "resource": null,
                  "selfProvider": {"selfProvider": false},
                  "title": "Overall Trend: CPU",
                  "viewDefinitionId": "386f58a9-11a0-49c6-9965-ef52331bbbb7"
               },
               "gridsterCoords": {
                  "h": 5,
                  "w": 6,
                  "x": 1,
                  "y": 16
               },
               "height": 267,
               "id": "b1f21f7c-1df8-40da-ba7d-1d7e104cdb72",
               "title": "Overall Trend: CPU",
               "type": "View"
            },
            {
               "collapsed": false,
               "config": {
                  "chartViewItems": ["legend"],
                  "refreshContent": {"refreshContent": false},
                  "refreshInterval": 300,
                  "resource": null,
                  "selectFirstRow": {"selectFirstRow": false},
                  "selfProvider": {"selfProvider": false},
                  "title": "Overall Trend: RAM",
                  "traversalSpecId": "",
                  "viewDefinitionId": "79a4071f-fb33-49b4-98c3-ca1ba09dec8c"
               },
               "gridsterCoords": {
                  "h": 5,
                  "w": 6,
                  "x": 1,
                  "y": 21
               },
               "height": 267,
               "id": "6b3ce5cb-3e4e-48d6-b168-4e9e18ad4ead",
               "title": "Overall Trend: RAM",
               "type": "View"
            },
            {
               "collapsed": false,
               "config": {
                  "chartViewItems": ["legend"],
                  "refreshContent": {"refreshContent": false},
                  "refreshInterval": 300,
                  "resource": null,
                  "selectFirstRow": {"selectFirstRow": false},
                  "selfProvider": {"selfProvider": false},
                  "title": "Overall Trend: Network",
                  "traversalSpecId": "",
                  "viewDefinitionId": "d07d7b88-b697-4053-ada7-2f97321bc4b9"
               },
               "gridsterCoords": {
                  "h": 5,
                  "w": 6,
                  "x": 7,
                  "y": 16
               },
               "height": 267,
               "id": "88b24b0b-903e-417e-b965-33a0f84b7a9d",
               "title": "Overall Trend: Network",
               "type": "View"
            },
            {
               "collapsed": false,
               "config": {
                  "chartViewItems": ["legend"],
                  "refreshContent": {"refreshContent": false},
                  "refreshInterval": 300,
                  "resource": null,
                  "selectFirstRow": {"selectFirstRow": false},
                  "selfProvider": {"selfProvider": false},
                  "title": "Overall Trend: Disk",
                  "traversalSpecId": "",
                  "viewDefinitionId": "c405d143-147b-4a1d-a44a-7048a11c3556"
               },
               "gridsterCoords": {
                  "h": 5,
                  "w": 6,
                  "x": 7,
                  "y": 21
               },
               "height": 267,
               "id": "c2ff1772-8e8a-48a1-a2b4-c01d1ce3d9e9",
               "title": "Overall Trend: Disk",
               "type": "View"
            },
            {
               "collapsed": false,
               "config": {
                  "chartViewItems": [
                     "legend",
                     "labels"
                  ],
                  "refreshContent": {"refreshContent": false},
                  "refreshInterval": 300,
                  "resource": null,
                  "selectFirstRow": {"selectFirstRow": false},
                  "selfProvider": {"selfProvider": false},
                  "title": "Disk Usage",
                  "traversalSpecId": "",
                  "viewDefinitionId": "cd4246a8-141d-474e-9c85-b023dab3f5cf"
               },
               "gridsterCoords": {
                  "h": 4,
                  "w": 3,
                  "x": 10,
                  "y": 12
               },
               "height": 210,
               "id": "6b0a4de5-67dd-4c24-b139-27a87063286f",
               "title": "Disk Usage",
               "type": "View"
            },
            {
               "collapsed": false,
               "config": {
                  "chartHeight": 80,
                  "metricKey": "diskspace|snapshot",
                  "metricLabel": "",
                  "metricName": "Disk Space|Snapshot Space (GB)",
                  "metricType": {"metricType": "custom"},
                  "metricUnit": {
                     "metricUnitId": -1,
                     "metricUnitName": "Default Unit"
                  },
                  "mode": "self",
                  "orangeBound": 1,
                  "paginationNumber": 15,
                  "redBound": 1.5,
                  "refreshContent": {"refreshContent": false},
                  "refreshInterval": 300,
                  "resourceKindId": "resourceKind:id:2_::_",
                  "selectFirstRow": {"selectFirstRow": false},
                  "selfProvider": {"selfProvider": false},
                  "showMetricLabel": {"showMetricLabel": false},
                  "showResourceName": {"showResourceName": false},
                  "sortBy": "metricValue",
                  "sortByDir": {"orderByDir": "asc"},
                  "tagFilter": null,
                  "title": "Snapshot (GB)",
                  "undefined": "Disk Space|Snapshot Space (GB)",
                  "yellowBound": 0.5
               },
               "gridsterCoords": {
                  "h": 4,
                  "w": 3,
                  "x": 7,
                  "y": 8
               },
               "height": 210,
               "id": "7eba0950-7c86-47ff-b626-2ef93487438b",
               "states": [{
                  "key": "permDateRange_HealthChart_widget_2ef0262e-cd62-4d95-a8a2-bf08c8534c54_7eba0950-7c86-47ff-b626-2ef93487438b",
                  "value": "s%3A%7B%22dateRange%22%3A%22last6Hour%22%2C%22dateFrom%22%3Anull%2C%22dateTo%22%3Anull%2C%22timeFrom%22%3Anull%2C%22timeTo%22%3Anull%7D"
               }],
               "title": "Snapshot (GB)",
               "type": "HealthChart"
            },
            {
               "collapsed": false,
               "config": {
                  "chartHeight": 80,
                  "metricKey": "virtualDisk:Aggregate of all instances|vDiskOIO",
                  "metricLabel": "",
                  "metricName": "Virtual Disk:Aggregate of all instances|Outstanding IO requests (OIOs)",
                  "metricType": {"metricType": "custom"},
                  "metricUnit": {
                     "metricUnitId": -1,
                     "metricUnitName": "Default Unit"
                  },
                  "mode": "self",
                  "orangeBound": 32,
                  "paginationNumber": 15,
                  "redBound": 64,
                  "refreshContent": {"refreshContent": false},
                  "refreshInterval": 300,
                  "resourceKindId": "resourceKind:id:2_::_",
                  "selectFirstRow": {"selectFirstRow": false},
                  "selfProvider": {"selfProvider": false},
                  "showMetricLabel": {"showMetricLabel": false},
                  "showResourceName": {"showResourceName": false},
                  "sortBy": "metricValue",
                  "sortByDir": {"orderByDir": "asc"},
                  "tagFilter": null,
                  "title": "Outstanding IOs",
                  "undefined": "Virtual Disk:Aggregate of all instances|Outstanding IO requests (OIOs)",
                  "yellowBound": 16
               },
               "gridsterCoords": {
                  "h": 4,
                  "w": 3,
                  "x": 10,
                  "y": 8
               },
               "height": 210,
               "id": "d24b664a-f2f1-4762-8550-ccbe1911c67c",
               "states": [{
                  "key": "permDateRange_HealthChart_widget_2ef0262e-cd62-4d95-a8a2-bf08c8534c54_d24b664a-f2f1-4762-8550-ccbe1911c67c",
                  "value": "s%3A%7B%22dateRange%22%3A%22last6Hour%22%2C%22dateFrom%22%3Anull%2C%22dateTo%22%3Anull%2C%22timeFrom%22%3Anull%2C%22timeTo%22%3Anull%7D"
               }],
               "title": "Outstanding IOs",
               "type": "HealthChart"
            },
            {
               "collapsed": false,
               "config": {
                  "boxColumns": 7,
                  "boxHeight": null,
                  "labelSize": 12,
                  "maxCellCount": 100,
                  "metric": {
                     "mode": "resourceKind",
                     "resourceKindMetrics": [
                        {
                           "colorMethod": 0,
                           "id": "extModel9575-1",
                           "isStringMetric": false,
                           "label": "CPU Co-Stop",
                           "link": "http://virtual-red-dot.info/vm-cpu-counters-vsphere/",
                           "metricKey": "cpu|costopPct",
                           "metricName": "CPU|Co-stop",
                           "metricUnitId": "percent",
                           "orangeBound": 5,
                           "redBound": 10,
                           "resourceKindId": "resourceKind:id:2_::_",
                           "resourceKindName": "Virtual Machine",
                           "unit": "%",
                           "yellowBound": 1
                        },
                        {
                           "colorMethod": 0,
                           "id": "extModel9575-2",
                           "isStringMetric": false,
                           "label": "CPU Ready",
                           "link": "http://virtual-red-dot.info/cpu-ready-vs-cpu-contention/",
                           "metricKey": "cpu|readyPct",
                           "metricName": "CPU|Ready",
                           "metricUnitId": "percent",
                           "orangeBound": 5,
                           "redBound": 10,
                           "resourceKindId": "resourceKind:id:2_::_",
                           "resourceKindName": "Virtual Machine",
                           "unit": "%",
                           "yellowBound": 1
                        },
                        {
                           "colorMethod": 0,
                           "id": "extModel9575-5",
                           "isStringMetric": false,
                           "label": "Guest OS RAM Usage",
                           "link": "https://blogs.vmware.com/vsphere/2013/10/understanding-vsphere-active-memory.html",
                           "metricKey": "Super Metric|sm_34b82c9d-ddcc-42ac-93c2-6e92984a0d9f",
                           "metricName": "Super Metric|Ops. Guest OS RAM Used (%)",
                           "metricUnitId": "%",
                           "orangeBound": 80,
                           "redBound": 90,
                           "resourceKindId": "resourceKind:id:2_::_",
                           "resourceKindName": "Virtual Machine",
                           "unit": "%",
                           "yellowBound": 70
                        },
                        {
                           "colorMethod": 0,
                           "id": "extModel9575-6",
                           "isStringMetric": false,
                           "label": "Disk Latency",
                           "link": "",
                           "metricKey": "virtualDisk:Aggregate of all instances|totalLatency",
                           "metricName": "Virtual Disk:Aggregate of all instances|Total Latency",
                           "metricUnitId": "msec",
                           "orangeBound": 20,
                           "redBound": 30,
                           "resourceKindId": "resourceKind:id:2_::_",
                           "resourceKindName": "Virtual Machine",
                           "unit": "ms",
                           "yellowBound": 10
                        },
                        {
                           "colorMethod": 0,
                           "id": "extModel9575-7",
                           "isStringMetric": false,
                           "label": "CPU Usage",
                           "link": "",
                           "metricKey": "cpu|usage_average",
                           "metricName": "CPU|Usage",
                           "metricUnitId": "percent",
                           "orangeBound": 85,
                           "redBound": 95,
                           "resourceKindId": "resourceKind:id:2_::_",
                           "resourceKindName": "Virtual Machine",
                           "unit": "%",
                           "yellowBound": 75
                        },
                        {
                           "colorMethod": 0,
                           "id": "extModel9575-8",
                           "isStringMetric": false,
                           "label": "Network TX Dropped Packet",
                           "link": "",
                           "metricKey": "net|droppedTx_summation",
                           "metricName": "Network|Transmitted Packets Dropped",
                           "metricUnitId": null,
                           "orangeBound": 20,
                           "redBound": 30,
                           "resourceKindId": "resourceKind:id:2_::_",
                           "resourceKindName": "Virtual Machine",
                           "unit": "",
                           "yellowBound": 10
                        },
                        {
                           "colorMethod": 0,
                           "id": "extModel31153-1",
                           "isStringMetric": false,
                           "label": "Guest OS Page-in Rate",
                           "link": "http://virtual-red-dot.info/vrealize-operations-6-7-vm-memory-counters/",
                           "metricKey": "Super Metric|sm_01b91453-1722-4d93-b2b1-066be0596dd0",
                           "metricName": "Super Metric|Ops. VM Page-In Rate %",
                           "metricUnitId": "%",
                           "orangeBound": 2,
                           "redBound": 3,
                           "resourceKindId": "resourceKind:id:2_::_",
                           "resourceKindName": "Virtual Machine",
                           "unit": "%",
                           "yellowBound": 1
                        }
                     ],
                     "resourceMetrics": []
                  },
                  "mode": {"layoutMode": "fixedView"},
                  "periodLength": null,
                  "refreshContent": {"refreshContent": false},
                  "refreshInterval": 300,
                  "relationshipMode": 0,
                  "resInteractionMode": null,
                  "roundDecimals": 1,
                  "selfProvider": {"selfProvider": false},
                  "showDT": {"showDT": true},
                  "showMetricName": {"showMetricName": true},
                  "showMetricUnit": {"showMetricUnit": true},
                  "showResourceName": {"showResourceName": false},
                  "showSparkline": {"showSparkline": false},
                  "title": "Key Performance Indicators",
                  "valueSize": 24,
                  "visualTheme": 4
               },
               "gridsterCoords": {
                  "h": 3,
                  "w": 12,
                  "x": 1,
                  "y": 1
               },
               "height": 153,
               "id": "9fa7af69-7b29-4bad-95d3-6f5746ab983a",
               "title": "Key Performance Indicators",
               "type": "Scoreboard"
            }
         ]
      }
   ],
   "entries": {"resourceKind": [
      {
         "adapterKindKey": "VMWARE",
         "internalId": "resourceKind:id:0_::_",
         "resourceKindKey": "HostSystem"
      },
      {
         "adapterKindKey": "VMWARE",
         "internalId": "resourceKind:id:2_::_",
         "resourceKindKey": "VirtualMachine"
      },
      {
         "adapterKindKey": "VMWARE",
         "internalId": "resourceKind:id:1_::_",
         "resourceKindKey": "ClusterComputeResource"
      }
   ]},
   "uuid": "0f8856a5-500d-4bbb-93ba-f3103a92f3cf"
}